Sierra,,,FOLIO
0,,,
1,AU student,,AU student
2,AU ProfUG -- Profess. Undergrad,,AU ProfUG -- Profess. Undergrad
3,AU ProfG -- Profess. Graduate,,AU ProfG -- Profess. Graduate
4,AU MBA -- MBA,,AU MBA -- MBA
5,AU staff,,AU staff
6,AU PsycG -- Psychology Graduate,,AU PsycG -- Psychology Graduate
7,AU EdG -- Education Graduate,,AU EdG -- Education Graduate
8,AU Kines G,,AU Kines G
9,AU VisG – VisCom Graduate,,AU VisG – VisCom Graduate
10,AU guest,,AU guest
11,AU UGY1 -- Undergrad Freshman,,AU UGY1 -- Undergrad Freshman
12,AU UGY2 -- Undergrad Sophmore,,AU UGY2 -- Undergrad Sophmore
13,AU UGY3 -- Undergrad Junior,,AU UGY3 -- Undergrad Junior
14,AU UGY4 -- Undergrad Senior,,AU UGY4 -- Undergrad Senior
15,AU ILL,,AU ILL
16,,,
17,,,
18,MW Dual Credit Instructor,,MW Dual Credit Instructor
19,MW Dual Credit,,MW Dual Credit
20,,,
21,MW Faculty,,MW Faculty
22,MW Staff,,MW Staff
23,MW Students,,MW Students
24,MW Retirees,,MW Retirees
25,,,
26,MW Community,,MW Community
27,,,
28,,,
29,,,
30,MW ILL,,MW ILL
31,,,
32,,,
33,,,
34,,,
35,,,
36,,,
37,,,
38,,,
39,MW Graduate,,
40,MW Adjunct,,
41,WJ student,,WJ student
42,WJ placeholder,,
43,WJ faculty,,WJ faculty
44,WJ placeholder,,
45,WJ staff,,WJ staff
46,WJ placeholder,,
47,WJ alumni,,WJ alumni
48,WJ college west,,WJ college west
49,WJ placeholder,,
50,WJ family,,WJ family
51,WJ courtesy cards,,WJ courtesy cards
52,WJ interlibrary loan,,WJ interlibrary loan
53,WJ placeholder,,
54,WJ Friend,,WJ Friend
55,MCC Student,,MCC Student
56,MCC Employee,,MCC Employee
57,MCC ILL,,MCC ILL
58,MCC Non-MOBIUS,,MCC Non-MOBIUS
59,,,
60,MCC Placeholder,,
61,MBTS Faculty,,MBTS Faculty
62,MBTS Adjunct faculty,,MBTS Adjunct faculty
63,MBTS Administration,,MBTS Administration
64,MBTS Trustee,,
65,MBTS Library,,
66,MBTS Staff,,
67,MBTS Student,,MBTS Student
68,MBTS Doctoral Student,,MBTS Doctoral Student
69,MBTS Special,,MBTS Alumni
70,MBTS Family member,,
71,MBTS Graduate,,MBTS Masters Student
72,MBTS Courtesy card,,
73,MBTS ILL-OCLC/KCMLIN,,
74,MBTS Area minister,,
75,MBTS Guest,,MBTS Guest
76,MBTS PH.D student,,MBTS PH.D student
77,MBTS CURATOR/OFFICES,,
78,,,
79,RU Placeholder,,
80,RU Placeholder,,
81,RU Student,,RU Student
82,RU Faculty,-->>,RU Employee
83,RU Staff,,
84,RU Friend,,
85,RU Courtesy card,,RU Courtesy card
86,RU ILL,,RU ILL
87,RU ACCP Faculty,,RU ACCP Faculty
88,RU Alumni,,RU Alumni
89,,,
90,NCMC Student,,NCMC Student
91,NCMC Graceland Student,,
92,NCMC Visiting Student,,NCMC Visiting Student
93,NCMC Upward Bound Student,,NCMC Upward Bound Student
94,NCMC Community,,NCMC Community
95,NCMC Staff,,NCMC Staff
96,NCMC Administration,,NCMC Administration
97,NCMC Faculty,,NCMC Faculty
98,NCMC College Board,,NCMC College Board
99,NCMC Emeritus,,NCMC Emeritus
100,NCMC ILL,,NCMC ILL
101,SPST M.Div. Student,-->>,SPST Student
102,SPST M.A.T.S. Student,,
103,SPST M.A.S.M. Student,,
104,SPST D.Min. Student,,
105,SPST Staff,,
106,SPST Faculty,-->>,SPST Faculty/Staff
107,SPST Adjunct Faculty,,SPST Adjunct Faculty
108,SPST Graduate,,
109,SPST Alumnae/i,,SPST Alum
110,SPST Interlibrary Loan,,
111,SPST Diaconal Student,,
112,SPST Course of Study Student,,
113,SPST Certificate Student,,
114,SPST Visitor,,
115,SPST HOLOS,,
116,SPST Placeholder,,
117,SPST M.T.S. Student,,
118,SPST Course of Study Graduate,,
119,SPST Placeholder,,
120,SPST Courtesy Card,,SPST Courtesy Card
121,CA Students,,CA Students
122,CA Monastic Faculty,,CA Monastic Faculty
123,CA Non-Monastic Faculty,,CA Non-Monastic Faculty
124,CA Non-Faculty Monks,,CA Non-Faculty Monks
125,CA Staff,,CA Staff
126,CA Clyde Sisters,,CA Clyde Sisters
127,CA Community,,CA Community
128,CA ILL,,CA ILL
129,CA ILL MOBIUS Non-Returnable,,CA ILL MOBIUS Non-Returnable
130,CA ILL Non-MOBIUS Non-returnable,,CA ILL Non-MOBIUS Non-returnable
131,KCAI STUDENT,,KCAI STUDENT
132,KCAI FACULTY-PERMANENT,,KCAI FACULTY FULL-TIME
133,KCAI STAFF,,KCAI STAFF
134,KCAI SPECIAL,,KCAI GUEST
135,KCAI FACULTY-PART TIME,,KCAI FACULTY-PART TIME
136,KCAI CORPORATE BORROWER,,KCAI VISITING ARTIST
137,KCAI CPS STUDENTS,,
138,KCAI CPS Instructors,,
139,KCAI CERTIF PROGRAM STUDENTS,,
140,KCAI RETIRED FACULTY,,KCAI RETIRED
141,KCAI INTERLIBRARY LOAN,,KCAI INTERLIBRARY LOAN
142,KCAI Student Restricted,,KCAI Student Restricted
143,KCAI Do Not Use,,
144,KCAI Library Staff,,KCAI Library Staff
145,,,
146,,,
147,BAD PATRON,,
148,,,
149,,,
150,,,
151,Park Student,,Park Student
152,Park Faculty,,Park Faculty
153,Park Staff,,Park Staff
154,Park Community,,Park Community
155,Park Courtesy,,Park Courtesy
156,Park ILL,,Park ILL
157,Park Alumni,,Park Alumni
158,Park Emeriti,,Park Emeriti
159,,,
160,NTS Student,,NTS Student
161,NTS Faculty,,NTS Faculty
162,NTS DMin,,NTS DMin
163,NTS Courtesy,,NTS Courtesy
164,NTS ILL,,NTS ILL
165,NTS Community,,NTS Community
166,NTS Alumni,,NTS Alumni
167,NTS CPL,,NTS CPL
168,,,
169,,,
170,KCU Students,,KCU Students
171,KCU Faculty,,KCU Faculty
172,KCU Staff,,KCU Staff
173,KCU ILL,,KCU ILL
174,KCU Special,,KCU Special
175,KCU Residents,,KCU Residents
176,KCU Joplin Students,,KCU Joplin Students
177,KCU Joplin Faculty,,KCU Joplin Faculty
178,KCU Joplin Staff,,KCU Joplin Staff
179,KCU Joplin Residents,,KCU Joplin Residents
180,NW Undergrad Student,,NW Undergrad Student
181,NW Graduate Student,,NW Graduate Student
182,NW Non-exempt Staff,,
183,NW Exempt Staff,-->>,NW Staff
184,NW Faculty,,NW Faculty
185,NWO Alumni,,NWO Alumni
186,NWO Family,,NWO Family
187,NWO Maryville Public Library,,NWO Maryville Public Library
188,NWO Special Borrower,,NWO Special Borrower
189,NWO ILL,,NWO ILL
190,NWM Student,,NWM Student
191,NWM Family,,NWM Family
192,NWM Other,,NWM Other
193,NW Placeholder,,
194,NW Retiree,,NW Retiree
195,NW Placeholder,,
196,,,
197,,,
198,,,
199,,,
200,Local Loans Only,,
201,Academic Undergrad,,
202,Academic Grad,,
203,Academic Faculty,,
204,Academic Staff,,
205,Academic Affiliates,,
206,Academic Other,,
207,Public,,
208,Public Staff,,
209,Public Other,,
210,Test - Borrowing,,
211,Test - Non-Borrowing,,
212,CRL - Local Loans Only,,
213,CRL - Acad Undergrad,,
214,CRL - Academic Grad,,
215,CRL - Academic Faculty,,
216,CRL - Academic Staff,,
217,CRL - Acad Affiliates,,
218,CRL - Test,,
219,CRL - Test,,
220,MOBIUS VP 20 BOOK-AV,,
221,MOBIUS Placeholder,,
222,MOBIUS Placeholder,,
223,MOBIUS Placeholder,,
224,MOBIUS VP 10 BOOK-AV,,
225,MOBIUS Placeholder,,
226,MOBIUS Placeholder,,
227,MOBIUS 30 VP BOOK-AV,,
228,MOBIUS 30 BOOK,,
229,MOBIUS 20 BOOK-AV,,
230,MOBIUS 30 BOOK-AV,,
231,MOBIUS Placeholder,,
232,MOBIUS Placeholder,,
233,MOBIUS Placeholder,,
234,MOBIUS Placeholder,,
235,MOBIUS 20 BOOK-WAM,,
236,MOBIUS 20 BOOK-AV-WAM,,
237,MOBIUS 10 BOOK-AV-WAM,,
238,MOBIUS 30 BOOK-AV-WAM,,
239,MOBIUS 10 BOOK-WAM,,
240,MOBIUS 10 BOOK-AV,,
241,MOBIUS 30 BOOK-WAM,,
242,MOBIUS VP 20 BOOK,,
243,SLU-MERLINVP30ExtB-AV-W,,
244,SLU-MERLINVP20ExtB-AV-W,,
245,SLU-MERLIN30ExtB-AV-W,,
246,MOBIUS VP 10 BOOK,,
247,SLU-MERLIN20ExtB-AV-W,,
248,MOBIUS VP 30 BOOK,,
249,MOBIUS 20 BOOK,,
250,MOBIUS 10 BOOK,,
251,SLU-MERLINVP30ExtB-AV,,
252,SLU-MERLINVP20ExtB-AV,,
253,MOBIUS Reserve Recall,,
254,MOBIUS VP Restricted,,
255,MOBIUS Restricted,,
256,,,
257,,,
258,,,
259,,,
260,,,
261,KCKCC Employee,,KCKCC Employee
262,KCKCC Student,,KCKCC Student
263,KCKCC Community,,KCKCC Community
264,KCKCC Alumni,,KCKCC Alumni
265,,,
266,,,
267,,,
268,,,
269,,,
270,,,
271,BC Student,,BC Student
272,BC Faculty,,BC Faculty
273,BC Staff,,BC Staff
274,BC Monastic,,BC Monastic
275,BC Public,,BC Public
276,BC ILL,,BC ILL
277,,,
278,,,
279,,,
280,,,
281,Calvary Faculty/Staff,,Calvary Faculty/Staff
282,Calvary Guest/Alumni,,Calvary Guest/Alumni
283,Calvary Student,,Calvary Student